-- MySQL dump 10.13  Distrib 8.0.31, for Win64 (x86_64)
--
-- Host: localhost    Database: mrandmsici2023
-- ------------------------------------------------------
-- Server version	8.0.31

/*!40101 SET @OLD_CHARACTER_SET_CLIENT=@@CHARACTER_SET_CLIENT */;
/*!40101 SET @OLD_CHARACTER_SET_RESULTS=@@CHARACTER_SET_RESULTS */;
/*!40101 SET @OLD_COLLATION_CONNECTION=@@COLLATION_CONNECTION */;
/*!50503 SET NAMES utf8mb4 */;
/*!40103 SET @OLD_TIME_ZONE=@@TIME_ZONE */;
/*!40103 SET TIME_ZONE='+00:00' */;
/*!40014 SET @OLD_UNIQUE_CHECKS=@@UNIQUE_CHECKS, UNIQUE_CHECKS=0 */;
/*!40014 SET @OLD_FOREIGN_KEY_CHECKS=@@FOREIGN_KEY_CHECKS, FOREIGN_KEY_CHECKS=0 */;
/*!40101 SET @OLD_SQL_MODE=@@SQL_MODE, SQL_MODE='NO_AUTO_VALUE_ON_ZERO' */;
/*!40111 SET @OLD_SQL_NOTES=@@SQL_NOTES, SQL_NOTES=0 */;

--
-- Table structure for table `candidates`
--

DROP TABLE IF EXISTS `candidates`;
/*!40101 SET @saved_cs_client     = @@character_set_client */;
/*!50503 SET character_set_client = utf8mb4 */;
CREATE TABLE `candidates` (
  `id` bigint unsigned NOT NULL AUTO_INCREMENT,
  `team_id` bigint unsigned NOT NULL,
  `number` int NOT NULL,
  `firstname` varchar(255) COLLATE utf8mb4_unicode_ci NOT NULL,
  `lastname` varchar(255) COLLATE utf8mb4_unicode_ci NOT NULL,
  `gender` varchar(255) COLLATE utf8mb4_unicode_ci NOT NULL,
  `photo` varchar(255) COLLATE utf8mb4_unicode_ci NOT NULL,
  `created_at` timestamp NULL DEFAULT NULL,
  `updated_at` timestamp NULL DEFAULT NULL,
  PRIMARY KEY (`id`),
  KEY `candidates_team_id_foreign` (`team_id`),
  CONSTRAINT `candidates_team_id_foreign` FOREIGN KEY (`team_id`) REFERENCES `teams` (`id`) ON DELETE CASCADE
) ENGINE=InnoDB AUTO_INCREMENT=15 DEFAULT CHARSET=utf8mb4 COLLATE=utf8mb4_unicode_ci;
/*!40101 SET character_set_client = @saved_cs_client */;

--
-- Dumping data for table `candidates`
--

LOCK TABLES `candidates` WRITE;
/*!40000 ALTER TABLE `candidates` DISABLE KEYS */;
INSERT INTO `candidates` VALUES (1,15,1,'Genevieve Alexandra','Escarda','Female','Escarda.jpg','2023-11-06 23:18:28','2023-11-06 23:18:28'),(2,19,2,'Heavenly Grace','Cailing','Female','Cailing.jpg','2023-11-06 23:21:06','2023-11-06 23:21:06'),(3,14,3,'Jillian Ni単a','Castillo','Female','Jillian Ni単a.jpg','2023-11-06 23:21:38','2023-11-06 23:21:38'),(4,18,4,'Meagan','Balaba','Female','Balaba.jpg','2023-11-06 23:22:59','2023-11-06 23:22:59'),(5,20,5,'Claire Marie','Cemine','Female','Cemine.jpg','2023-11-06 23:23:40','2023-11-06 23:23:40'),(6,16,6,'Rebecca Louise','Hablo','Female','Hablo.jpg','2023-11-06 23:24:05','2023-11-06 23:24:05'),(7,17,7,'Danica Mae','Labis','Female','Labis.jpg','2023-11-06 23:24:34','2023-11-06 23:24:34'),(8,15,1,'Kert','Vistal','Male','Vistal.jpg','2023-11-06 23:24:54','2023-11-06 23:24:54'),(9,19,2,'Kurt Delan','Ca単ete','Male','Ca単ete.jpg','2023-11-06 23:25:28','2023-11-06 23:25:28'),(10,14,3,'Jhon Gil','Bacus','Male','Bacus.jpg','2023-11-06 23:25:53','2023-11-06 23:25:53'),(11,18,4,'Davy Jones','Kehek','Male','Kehek.jpg','2023-11-06 23:26:13','2023-11-06 23:26:13'),(12,20,5,'Klint','Peralta','Male','Peralta.jpg','2023-11-06 23:26:35','2023-11-06 23:26:35'),(13,16,6,'Chester Anthony','Payao','Male','Payao.jpg','2023-11-06 23:26:59','2023-11-06 23:26:59'),(14,17,7,'Jon Charles','Sambalod','Male','Sambalod.jpg','2023-11-06 23:27:27','2023-11-06 23:27:27');
/*!40000 ALTER TABLE `candidates` ENABLE KEYS */;
UNLOCK TABLES;

--
-- Table structure for table `failed_jobs`
--

DROP TABLE IF EXISTS `failed_jobs`;
/*!40101 SET @saved_cs_client     = @@character_set_client */;
/*!50503 SET character_set_client = utf8mb4 */;
CREATE TABLE `failed_jobs` (
  `id` bigint unsigned NOT NULL AUTO_INCREMENT,
  `uuid` varchar(255) COLLATE utf8mb4_unicode_ci NOT NULL,
  `connection` text COLLATE utf8mb4_unicode_ci NOT NULL,
  `queue` text COLLATE utf8mb4_unicode_ci NOT NULL,
  `payload` longtext COLLATE utf8mb4_unicode_ci NOT NULL,
  `exception` longtext COLLATE utf8mb4_unicode_ci NOT NULL,
  `failed_at` timestamp NOT NULL DEFAULT CURRENT_TIMESTAMP,
  PRIMARY KEY (`id`),
  UNIQUE KEY `failed_jobs_uuid_unique` (`uuid`)
) ENGINE=InnoDB DEFAULT CHARSET=utf8mb4 COLLATE=utf8mb4_unicode_ci;
/*!40101 SET character_set_client = @saved_cs_client */;

--
-- Dumping data for table `failed_jobs`
--

LOCK TABLES `failed_jobs` WRITE;
/*!40000 ALTER TABLE `failed_jobs` DISABLE KEYS */;
/*!40000 ALTER TABLE `failed_jobs` ENABLE KEYS */;
UNLOCK TABLES;

--
-- Table structure for table `formals`
--

DROP TABLE IF EXISTS `formals`;
/*!40101 SET @saved_cs_client     = @@character_set_client */;
/*!50503 SET character_set_client = utf8mb4 */;
CREATE TABLE `formals` (
  `id` bigint unsigned NOT NULL AUTO_INCREMENT,
  `candidate_id` bigint unsigned NOT NULL,
  `judge_id` bigint unsigned NOT NULL,
  `score` decimal(5,2) NOT NULL,
  `created_at` timestamp NULL DEFAULT NULL,
  `updated_at` timestamp NULL DEFAULT NULL,
  PRIMARY KEY (`id`),
  KEY `formals_candidate_id_foreign` (`candidate_id`),
  KEY `formals_judge_id_foreign` (`judge_id`),
  CONSTRAINT `formals_candidate_id_foreign` FOREIGN KEY (`candidate_id`) REFERENCES `candidates` (`id`),
  CONSTRAINT `formals_judge_id_foreign` FOREIGN KEY (`judge_id`) REFERENCES `judges` (`id`)
) ENGINE=InnoDB DEFAULT CHARSET=utf8mb4 COLLATE=utf8mb4_unicode_ci;
/*!40101 SET character_set_client = @saved_cs_client */;

--
-- Dumping data for table `formals`
--

LOCK TABLES `formals` WRITE;
/*!40000 ALTER TABLE `formals` DISABLE KEYS */;
/*!40000 ALTER TABLE `formals` ENABLE KEYS */;
UNLOCK TABLES;

--
-- Table structure for table `judges`
--

DROP TABLE IF EXISTS `judges`;
/*!40101 SET @saved_cs_client     = @@character_set_client */;
/*!50503 SET character_set_client = utf8mb4 */;
CREATE TABLE `judges` (
  `id` bigint unsigned NOT NULL AUTO_INCREMENT,
  `user_id` bigint unsigned NOT NULL,
  `firstname` varchar(255) COLLATE utf8mb4_unicode_ci NOT NULL,
  `lastname` varchar(255) COLLATE utf8mb4_unicode_ci NOT NULL,
  `created_at` timestamp NULL DEFAULT NULL,
  `updated_at` timestamp NULL DEFAULT NULL,
  PRIMARY KEY (`id`),
  KEY `judges_user_id_foreign` (`user_id`),
  CONSTRAINT `judges_user_id_foreign` FOREIGN KEY (`user_id`) REFERENCES `users` (`id`)
) ENGINE=InnoDB DEFAULT CHARSET=utf8mb4 COLLATE=utf8mb4_unicode_ci;
/*!40101 SET character_set_client = @saved_cs_client */;

--
-- Dumping data for table `judges`
--

LOCK TABLES `judges` WRITE;
/*!40000 ALTER TABLE `judges` DISABLE KEYS */;
/*!40000 ALTER TABLE `judges` ENABLE KEYS */;
UNLOCK TABLES;

--
-- Table structure for table `migrations`
--

DROP TABLE IF EXISTS `migrations`;
/*!40101 SET @saved_cs_client     = @@character_set_client */;
/*!50503 SET character_set_client = utf8mb4 */;
CREATE TABLE `migrations` (
  `id` int unsigned NOT NULL AUTO_INCREMENT,
  `migration` varchar(255) COLLATE utf8mb4_unicode_ci NOT NULL,
  `batch` int NOT NULL,
  PRIMARY KEY (`id`)
) ENGINE=InnoDB AUTO_INCREMENT=67 DEFAULT CHARSET=utf8mb4 COLLATE=utf8mb4_unicode_ci;
/*!40101 SET character_set_client = @saved_cs_client */;

--
-- Dumping data for table `migrations`
--

LOCK TABLES `migrations` WRITE;
/*!40000 ALTER TABLE `migrations` DISABLE KEYS */;
INSERT INTO `migrations` VALUES (53,'2014_10_12_000000_create_users_table',1),(54,'2014_10_12_100000_create_password_reset_tokens_table',1),(55,'2019_08_19_000000_create_failed_jobs_table',1),(56,'2019_12_14_000001_create_personal_access_tokens_table',1),(57,'2023_11_06_031107_create_teams_table',1),(58,'2023_11_06_031116_create_candidates_table',1),(59,'2023_11_06_031139_create_judges_table',1),(60,'2023_11_06_031221_create_uniforms_table',1),(61,'2023_11_06_031235_create_productions_table',1),(62,'2023_11_06_031243_create_sports_table',1),(63,'2023_11_06_031255_create_formals_table',1),(64,'2023_11_06_031402_create_questions_table',1),(65,'2023_11_06_031440_create_populars_table',1),(66,'2023_11_06_031454_create_photogenics_table',1);
/*!40000 ALTER TABLE `migrations` ENABLE KEYS */;
UNLOCK TABLES;

--
-- Table structure for table `password_reset_tokens`
--

DROP TABLE IF EXISTS `password_reset_tokens`;
/*!40101 SET @saved_cs_client     = @@character_set_client */;
/*!50503 SET character_set_client = utf8mb4 */;
CREATE TABLE `password_reset_tokens` (
  `email` varchar(255) COLLATE utf8mb4_unicode_ci NOT NULL,
  `token` varchar(255) COLLATE utf8mb4_unicode_ci NOT NULL,
  `created_at` timestamp NULL DEFAULT NULL,
  PRIMARY KEY (`email`)
) ENGINE=InnoDB DEFAULT CHARSET=utf8mb4 COLLATE=utf8mb4_unicode_ci;
/*!40101 SET character_set_client = @saved_cs_client */;

--
-- Dumping data for table `password_reset_tokens`
--

LOCK TABLES `password_reset_tokens` WRITE;
/*!40000 ALTER TABLE `password_reset_tokens` DISABLE KEYS */;
/*!40000 ALTER TABLE `password_reset_tokens` ENABLE KEYS */;
UNLOCK TABLES;

--
-- Table structure for table `personal_access_tokens`
--

DROP TABLE IF EXISTS `personal_access_tokens`;
/*!40101 SET @saved_cs_client     = @@character_set_client */;
/*!50503 SET character_set_client = utf8mb4 */;
CREATE TABLE `personal_access_tokens` (
  `id` bigint unsigned NOT NULL AUTO_INCREMENT,
  `tokenable_type` varchar(255) COLLATE utf8mb4_unicode_ci NOT NULL,
  `tokenable_id` bigint unsigned NOT NULL,
  `name` varchar(255) COLLATE utf8mb4_unicode_ci NOT NULL,
  `token` varchar(64) COLLATE utf8mb4_unicode_ci NOT NULL,
  `abilities` text COLLATE utf8mb4_unicode_ci,
  `last_used_at` timestamp NULL DEFAULT NULL,
  `expires_at` timestamp NULL DEFAULT NULL,
  `created_at` timestamp NULL DEFAULT NULL,
  `updated_at` timestamp NULL DEFAULT NULL,
  PRIMARY KEY (`id`),
  UNIQUE KEY `personal_access_tokens_token_unique` (`token`),
  KEY `personal_access_tokens_tokenable_type_tokenable_id_index` (`tokenable_type`,`tokenable_id`)
) ENGINE=InnoDB DEFAULT CHARSET=utf8mb4 COLLATE=utf8mb4_unicode_ci;
/*!40101 SET character_set_client = @saved_cs_client */;

--
-- Dumping data for table `personal_access_tokens`
--

LOCK TABLES `personal_access_tokens` WRITE;
/*!40000 ALTER TABLE `personal_access_tokens` DISABLE KEYS */;
/*!40000 ALTER TABLE `personal_access_tokens` ENABLE KEYS */;
UNLOCK TABLES;

--
-- Table structure for table `photogenics`
--

DROP TABLE IF EXISTS `photogenics`;
/*!40101 SET @saved_cs_client     = @@character_set_client */;
/*!50503 SET character_set_client = utf8mb4 */;
CREATE TABLE `photogenics` (
  `id` bigint unsigned NOT NULL AUTO_INCREMENT,
  `candidate_id` bigint unsigned NOT NULL,
  `judge_id` bigint unsigned NOT NULL,
  `score` decimal(5,2) NOT NULL,
  `created_at` timestamp NULL DEFAULT NULL,
  `updated_at` timestamp NULL DEFAULT NULL,
  PRIMARY KEY (`id`),
  KEY `photogenics_candidate_id_foreign` (`candidate_id`),
  KEY `photogenics_judge_id_foreign` (`judge_id`),
  CONSTRAINT `photogenics_candidate_id_foreign` FOREIGN KEY (`candidate_id`) REFERENCES `candidates` (`id`),
  CONSTRAINT `photogenics_judge_id_foreign` FOREIGN KEY (`judge_id`) REFERENCES `judges` (`id`)
) ENGINE=InnoDB DEFAULT CHARSET=utf8mb4 COLLATE=utf8mb4_unicode_ci;
/*!40101 SET character_set_client = @saved_cs_client */;

--
-- Dumping data for table `photogenics`
--

LOCK TABLES `photogenics` WRITE;
/*!40000 ALTER TABLE `photogenics` DISABLE KEYS */;
/*!40000 ALTER TABLE `photogenics` ENABLE KEYS */;
UNLOCK TABLES;

--
-- Table structure for table `populars`
--

DROP TABLE IF EXISTS `populars`;
/*!40101 SET @saved_cs_client     = @@character_set_client */;
/*!50503 SET character_set_client = utf8mb4 */;
CREATE TABLE `populars` (
  `id` bigint unsigned NOT NULL AUTO_INCREMENT,
  `candidate_id` bigint unsigned NOT NULL,
  `judge_id` bigint unsigned NOT NULL,
  `score` decimal(5,2) NOT NULL,
  `created_at` timestamp NULL DEFAULT NULL,
  `updated_at` timestamp NULL DEFAULT NULL,
  PRIMARY KEY (`id`),
  KEY `populars_candidate_id_foreign` (`candidate_id`),
  KEY `populars_judge_id_foreign` (`judge_id`),
  CONSTRAINT `populars_candidate_id_foreign` FOREIGN KEY (`candidate_id`) REFERENCES `candidates` (`id`),
  CONSTRAINT `populars_judge_id_foreign` FOREIGN KEY (`judge_id`) REFERENCES `judges` (`id`)
) ENGINE=InnoDB DEFAULT CHARSET=utf8mb4 COLLATE=utf8mb4_unicode_ci;
/*!40101 SET character_set_client = @saved_cs_client */;

--
-- Dumping data for table `populars`
--

LOCK TABLES `populars` WRITE;
/*!40000 ALTER TABLE `populars` DISABLE KEYS */;
/*!40000 ALTER TABLE `populars` ENABLE KEYS */;
UNLOCK TABLES;

--
-- Table structure for table `productions`
--

DROP TABLE IF EXISTS `productions`;
/*!40101 SET @saved_cs_client     = @@character_set_client */;
/*!50503 SET character_set_client = utf8mb4 */;
CREATE TABLE `productions` (
  `id` bigint unsigned NOT NULL AUTO_INCREMENT,
  `candidate_id` bigint unsigned NOT NULL,
  `judge_id` bigint unsigned NOT NULL,
  `score` decimal(5,2) NOT NULL,
  `created_at` timestamp NULL DEFAULT NULL,
  `updated_at` timestamp NULL DEFAULT NULL,
  PRIMARY KEY (`id`),
  KEY `productions_candidate_id_foreign` (`candidate_id`),
  KEY `productions_judge_id_foreign` (`judge_id`),
  CONSTRAINT `productions_candidate_id_foreign` FOREIGN KEY (`candidate_id`) REFERENCES `candidates` (`id`),
  CONSTRAINT `productions_judge_id_foreign` FOREIGN KEY (`judge_id`) REFERENCES `judges` (`id`)
) ENGINE=InnoDB DEFAULT CHARSET=utf8mb4 COLLATE=utf8mb4_unicode_ci;
/*!40101 SET character_set_client = @saved_cs_client */;

--
-- Dumping data for table `productions`
--

LOCK TABLES `productions` WRITE;
/*!40000 ALTER TABLE `productions` DISABLE KEYS */;
/*!40000 ALTER TABLE `productions` ENABLE KEYS */;
UNLOCK TABLES;

--
-- Table structure for table `questions`
--

DROP TABLE IF EXISTS `questions`;
/*!40101 SET @saved_cs_client     = @@character_set_client */;
/*!50503 SET character_set_client = utf8mb4 */;
CREATE TABLE `questions` (
  `id` bigint unsigned NOT NULL AUTO_INCREMENT,
  `candidate_id` bigint unsigned NOT NULL,
  `judge_id` bigint unsigned NOT NULL,
  `score` decimal(5,2) NOT NULL,
  `created_at` timestamp NULL DEFAULT NULL,
  `updated_at` timestamp NULL DEFAULT NULL,
  PRIMARY KEY (`id`),
  KEY `questions_candidate_id_foreign` (`candidate_id`),
  KEY `questions_judge_id_foreign` (`judge_id`),
  CONSTRAINT `questions_candidate_id_foreign` FOREIGN KEY (`candidate_id`) REFERENCES `candidates` (`id`),
  CONSTRAINT `questions_judge_id_foreign` FOREIGN KEY (`judge_id`) REFERENCES `judges` (`id`)
) ENGINE=InnoDB DEFAULT CHARSET=utf8mb4 COLLATE=utf8mb4_unicode_ci;
/*!40101 SET character_set_client = @saved_cs_client */;

--
-- Dumping data for table `questions`
--

LOCK TABLES `questions` WRITE;
/*!40000 ALTER TABLE `questions` DISABLE KEYS */;
/*!40000 ALTER TABLE `questions` ENABLE KEYS */;
UNLOCK TABLES;

--
-- Table structure for table `sports`
--

DROP TABLE IF EXISTS `sports`;
/*!40101 SET @saved_cs_client     = @@character_set_client */;
/*!50503 SET character_set_client = utf8mb4 */;
CREATE TABLE `sports` (
  `id` bigint unsigned NOT NULL AUTO_INCREMENT,
  `candidate_id` bigint unsigned NOT NULL,
  `judge_id` bigint unsigned NOT NULL,
  `score` decimal(5,2) NOT NULL,
  `created_at` timestamp NULL DEFAULT NULL,
  `updated_at` timestamp NULL DEFAULT NULL,
  PRIMARY KEY (`id`),
  KEY `sports_candidate_id_foreign` (`candidate_id`),
  KEY `sports_judge_id_foreign` (`judge_id`),
  CONSTRAINT `sports_candidate_id_foreign` FOREIGN KEY (`candidate_id`) REFERENCES `candidates` (`id`),
  CONSTRAINT `sports_judge_id_foreign` FOREIGN KEY (`judge_id`) REFERENCES `judges` (`id`)
) ENGINE=InnoDB DEFAULT CHARSET=utf8mb4 COLLATE=utf8mb4_unicode_ci;
/*!40101 SET character_set_client = @saved_cs_client */;

--
-- Dumping data for table `sports`
--

LOCK TABLES `sports` WRITE;
/*!40000 ALTER TABLE `sports` DISABLE KEYS */;
/*!40000 ALTER TABLE `sports` ENABLE KEYS */;
UNLOCK TABLES;

--
-- Table structure for table `teams`
--

DROP TABLE IF EXISTS `teams`;
/*!40101 SET @saved_cs_client     = @@character_set_client */;
/*!50503 SET character_set_client = utf8mb4 */;
CREATE TABLE `teams` (
  `id` bigint unsigned NOT NULL AUTO_INCREMENT,
  `color` varchar(255) COLLATE utf8mb4_unicode_ci NOT NULL,
  `name` varchar(255) COLLATE utf8mb4_unicode_ci NOT NULL,
  `photo` varchar(255) COLLATE utf8mb4_unicode_ci NOT NULL,
  `created_at` timestamp NULL DEFAULT NULL,
  `updated_at` timestamp NULL DEFAULT NULL,
  PRIMARY KEY (`id`)
) ENGINE=InnoDB AUTO_INCREMENT=21 DEFAULT CHARSET=utf8mb4 COLLATE=utf8mb4_unicode_ci;
/*!40101 SET character_set_client = @saved_cs_client */;

--
-- Dumping data for table `teams`
--

LOCK TABLES `teams` WRITE;
/*!40000 ALTER TABLE `teams` DISABLE KEYS */;
INSERT INTO `teams` VALUES (14,'Green','Wolves','Green-Wolves.png','2023-11-06 23:03:10','2023-11-06 23:03:10'),(15,'Red','Hawks','Red-Hawks.png','2023-11-06 23:03:22','2023-11-06 23:03:22'),(16,'Orange','Tigers','Orange-Tigers.png','2023-11-06 23:03:34','2023-11-06 23:03:34'),(17,'Yellow','Hornets','Yellow-Hornets.png','2023-11-06 23:03:50','2023-11-06 23:03:50'),(18,'Purple','Panthers','Purple-Panthers.png','2023-11-06 23:04:02','2023-11-06 23:04:02'),(19,'Blue','Sharks','Blue-Sharks.png','2023-11-06 23:04:15','2023-11-06 23:04:15'),(20,'Pink','Vipers','Pink-Vipers.png','2023-11-06 23:04:38','2023-11-06 23:04:38');
/*!40000 ALTER TABLE `teams` ENABLE KEYS */;
UNLOCK TABLES;

--
-- Table structure for table `uniforms`
--

DROP TABLE IF EXISTS `uniforms`;
/*!40101 SET @saved_cs_client     = @@character_set_client */;
/*!50503 SET character_set_client = utf8mb4 */;
CREATE TABLE `uniforms` (
  `id` bigint unsigned NOT NULL AUTO_INCREMENT,
  `candidate_id` bigint unsigned NOT NULL,
  `judge_id` bigint unsigned NOT NULL,
  `score` decimal(5,2) NOT NULL,
  `created_at` timestamp NULL DEFAULT NULL,
  `updated_at` timestamp NULL DEFAULT NULL,
  PRIMARY KEY (`id`),
  KEY `uniforms_candidate_id_foreign` (`candidate_id`),
  KEY `uniforms_judge_id_foreign` (`judge_id`),
  CONSTRAINT `uniforms_candidate_id_foreign` FOREIGN KEY (`candidate_id`) REFERENCES `candidates` (`id`),
  CONSTRAINT `uniforms_judge_id_foreign` FOREIGN KEY (`judge_id`) REFERENCES `judges` (`id`)
) ENGINE=InnoDB DEFAULT CHARSET=utf8mb4 COLLATE=utf8mb4_unicode_ci;
/*!40101 SET character_set_client = @saved_cs_client */;

--
-- Dumping data for table `uniforms`
--

LOCK TABLES `uniforms` WRITE;
/*!40000 ALTER TABLE `uniforms` DISABLE KEYS */;
/*!40000 ALTER TABLE `uniforms` ENABLE KEYS */;
UNLOCK TABLES;

--
-- Table structure for table `users`
--

DROP TABLE IF EXISTS `users`;
/*!40101 SET @saved_cs_client     = @@character_set_client */;
/*!50503 SET character_set_client = utf8mb4 */;
CREATE TABLE `users` (
  `id` bigint unsigned NOT NULL AUTO_INCREMENT,
  `username` varchar(255) COLLATE utf8mb4_unicode_ci NOT NULL,
  `password` varchar(255) COLLATE utf8mb4_unicode_ci NOT NULL,
  `admin` tinyint(1) NOT NULL DEFAULT '0',
  `remember_token` varchar(100) COLLATE utf8mb4_unicode_ci DEFAULT NULL,
  `created_at` timestamp NULL DEFAULT NULL,
  `updated_at` timestamp NULL DEFAULT NULL,
  PRIMARY KEY (`id`)
) ENGINE=InnoDB AUTO_INCREMENT=2 DEFAULT CHARSET=utf8mb4 COLLATE=utf8mb4_unicode_ci;
/*!40101 SET character_set_client = @saved_cs_client */;

--
-- Dumping data for table `users`
--

LOCK TABLES `users` WRITE;
/*!40000 ALTER TABLE `users` DISABLE KEYS */;
INSERT INTO `users` VALUES (1,'admin','$2y$12$UCA/13zYsU877OxGZudYeekBo/BuasewA9VJkGlDFxw318C.RyOj.',1,NULL,'2023-11-06 22:33:05','2023-11-06 22:33:05');
/*!40000 ALTER TABLE `users` ENABLE KEYS */;
UNLOCK TABLES;
/*!40103 SET TIME_ZONE=@OLD_TIME_ZONE */;

/*!40101 SET SQL_MODE=@OLD_SQL_MODE */;
/*!40014 SET FOREIGN_KEY_CHECKS=@OLD_FOREIGN_KEY_CHECKS */;
/*!40014 SET UNIQUE_CHECKS=@OLD_UNIQUE_CHECKS */;
/*!40101 SET CHARACTER_SET_CLIENT=@OLD_CHARACTER_SET_CLIENT */;
/*!40101 SET CHARACTER_SET_RESULTS=@OLD_CHARACTER_SET_RESULTS */;
/*!40101 SET COLLATION_CONNECTION=@OLD_COLLATION_CONNECTION */;
/*!40111 SET SQL_NOTES=@OLD_SQL_NOTES */;

-- Dump completed on 2023-11-07 15:46:34
